gene,coefficient
DENND3,-0.7565053536165027
SPOCK2,-0.7545602127063628
GRK5,-0.5592361243546575
FRMD3,-0.33236598300762765
SERTM1,-0.30366181510715673
RTKN2,-0.26829618317229087
KANK3,-0.2223746521497702
NCKAP5,-0.19588392547987035
AGER,-0.12594606561986732
SPTBN1,-0.052478830971844796
SGCG,0.01294252443602609
CCBE1,0.014871690687396293
ACVRL1,0.02246194884613867
IGSF10,0.05359173716533622
GPM6A,0.16184238060452555
CA4,0.18034651092914608
PCAT19,0.34320528584296106
EFNA4,0.36292685012737275
GOLM1,1.0946113403526325
COL10A1,1.2980150517342761
