,title,patient,group
GSM494556,Lung Cancer 2T,2,Cancer
GSM494557,Lung Cancer 3T,3,Cancer
GSM494558,Lung Cancer 6T,6,Cancer
GSM494559,Lung Cancer 17T,17,Cancer
GSM494560,Lung Cancer 32T,32,Cancer
GSM494561,Lung Cancer 33T,33,Cancer
GSM494562,Lung Cancer 37T,37,Cancer
GSM494563,Lung Cancer 40T,40,Cancer
GSM494564,Lung Cancer 43T,43,Cancer
GSM494565,Lung Cancer 79T,79,Cancer
GSM494566,Lung Cancer 91T,91,Cancer
GSM494567,Lung Cancer 92T,92,Cancer
GSM494568,Lung Cancer 94T,94,Cancer
GSM494569,Lung Cancer 97T,97,Cancer
GSM494570,Lung Cancer 102T,102,Cancer
GSM494571,Lung Cancer 103T,103,Cancer
GSM494572,Lung Cancer 106T,106,Cancer
GSM494573,Lung Cancer 109T,109,Cancer
GSM494574,Lung Cancer 114T,114,Cancer
GSM494575,Lung Cancer 115T,115,Cancer
GSM494576,Lung Cancer 116T,116,Cancer
GSM494577,Lung Cancer 117T,117,Cancer
GSM494578,Lung Cancer 118T,118,Cancer
GSM494579,Lung Cancer 119T,119,Cancer
GSM494580,Lung Cancer 120T,120,Cancer
GSM494581,Lung Cancer 121T,121,Cancer
GSM494582,Lung Cancer 122T,122,Cancer
GSM494583,Lung Cancer 123T,123,Cancer
GSM494584,Lung Cancer 124T,124,Cancer
GSM494585,Lung Cancer 125T,125,Cancer
GSM494586,Lung Cancer 126T,126,Cancer
GSM494587,Lung Cancer 127T,127,Cancer
GSM494588,Lung Cancer 129T,129,Cancer
GSM494589,Lung Cancer 130T,130,Cancer
GSM494590,Lung Cancer 131T,131,Cancer
GSM494591,Lung Cancer 132T,132,Cancer
GSM494592,Lung Cancer 133T,133,Cancer
GSM494593,Lung Cancer 134T,134,Cancer
GSM494594,Lung Cancer 135T,135,Cancer
GSM494595,Lung Cancer 136T,136,Cancer
GSM494596,Lung Cancer 137T,137,Cancer
GSM494597,Lung Cancer 139T,139,Cancer
GSM494598,Lung Cancer 142T,142,Cancer
GSM494599,Lung Cancer 143T,143,Cancer
GSM494600,Lung Cancer 144T,144,Cancer
GSM494601,Lung Cancer 145T,145,Cancer
GSM494602,Lung Cancer 146T,146,Cancer
GSM494603,Lung Cancer 148T,148,Cancer
GSM494604,Lung Cancer 149T,149,Cancer
GSM494605,Lung Cancer 152T,152,Cancer
GSM494606,Lung Cancer 154T,154,Cancer
GSM494607,Lung Cancer 156T,156,Cancer
GSM494608,Lung Cancer 157T,157,Cancer
GSM494609,Lung Cancer 158T,158,Cancer
GSM494610,Lung Cancer 159T,159,Cancer
GSM494611,Lung Cancer 165T,165,Cancer
GSM494612,Lung Cancer 167T,167,Cancer
GSM494613,Lung Cancer 177T,177,Cancer
GSM494614,Lung Cancer 179T,179,Cancer
GSM494615,Lung Cancer 189T,189,Cancer
GSM494616,Lung Normal 2N,2,Normal
GSM494617,Lung Normal 3N,3,Normal
GSM494618,Lung Normal 6N,6,Normal
GSM494619,Lung Normal 17N,17,Normal
GSM494620,Lung Normal 32N,32,Normal
GSM494621,Lung Normal 33N,33,Normal
GSM494622,Lung Normal 37N,37,Normal
GSM494623,Lung Normal 40N,40,Normal
GSM494624,Lung Normal 43N,43,Normal
GSM494625,Lung Normal 79N,79,Normal
GSM494626,Lung Normal 91N,91,Normal
GSM494627,Lung Normal 92N,92,Normal
GSM494628,Lung Normal 94N,94,Normal
GSM494629,Lung Normal 97N,97,Normal
GSM494630,Lung Normal 102N,102,Normal
GSM494631,Lung Normal 103N,103,Normal
GSM494632,Lung Normal 106N,106,Normal
GSM494633,Lung Normal 109N,109,Normal
GSM494634,Lung Normal 114N,114,Normal
GSM494635,Lung Normal 115N,115,Normal
GSM494636,Lung Normal 116N,116,Normal
GSM494637,Lung Normal 117N,117,Normal
GSM494638,Lung Normal 118N,118,Normal
GSM494639,Lung Normal 119N,119,Normal
GSM494640,Lung Normal 120N,120,Normal
GSM494641,Lung Normal 121N,121,Normal
GSM494642,Lung Normal 122N,122,Normal
GSM494643,Lung Normal 123N,123,Normal
GSM494644,Lung Normal 124N,124,Normal
GSM494645,Lung Normal 125N,125,Normal
GSM494646,Lung Normal 126N,126,Normal
GSM494647,Lung Normal 127N,127,Normal
GSM494648,Lung Normal 129N,129,Normal
GSM494649,Lung Normal 130N,130,Normal
GSM494650,Lung Normal 131N,131,Normal
GSM494651,Lung Normal 132N,132,Normal
GSM494652,Lung Normal 133N,133,Normal
GSM494653,Lung Normal 134N,134,Normal
GSM494654,Lung Normal 135N,135,Normal
GSM494655,Lung Normal 136N,136,Normal
GSM494656,Lung Normal 137N,137,Normal
GSM494657,Lung Normal 139N,139,Normal
GSM494658,Lung Normal 142N,142,Normal
GSM494659,Lung Normal 143N,143,Normal
GSM494660,Lung Normal 144N,144,Normal
GSM494661,Lung Normal 145N,145,Normal
GSM494662,Lung Normal 146N,146,Normal
GSM494663,Lung Normal 148N,148,Normal
GSM494664,Lung Normal 149N,149,Normal
GSM494665,Lung Normal 152N,152,Normal
GSM494666,Lung Normal 154N,154,Normal
GSM494667,Lung Normal 156N,156,Normal
GSM494668,Lung Normal 157N,157,Normal
GSM494669,Lung Normal 158N,158,Normal
GSM494670,Lung Normal 159N,159,Normal
GSM494671,Lung Normal 165N,165,Normal
GSM494672,Lung Normal 167N,167,Normal
GSM494673,Lung Normal 177N,177,Normal
GSM494674,Lung Normal 179N,179,Normal
GSM494675,Lung Normal 189N,189,Normal
