gene,log2FC,pvalue,FDR,status
GOLM1,1.0135905833333332,6.220319385486036e-25,1.0404381495749483e-21,Up
ENC1,1.255628,1.0608675009990701e-24,1.3253499295173766e-21,Up
OCIAD2,1.7881208333333332,8.902907443458969e-24,6.2866139038790046e-21,Up
PYCR1,1.3149588333333333,1.262147234693991e-23,8.199413295466043e-21,Up
COL10A1,4.028262666666667,2.8826727914627505e-23,1.6720531716480905e-20,Up
FUT2,1.3380789166666667,8.706601896870638e-23,4.2849673153659406e-20,Up
EFNA4,1.6109274999999998,1.4696765645702173e-21,3.672156474643831e-19,Up
CTHRC1,3.1931609999999995,7.116331155071183e-21,1.359721579876601e-18,Up
GGCT,1.1696894999999998,1.0777120153691103e-20,1.9889910047283773e-18,Up
ABCC3,1.1483152,2.0889106295047456e-20,3.461836483039446e-18,Up
GRK5,-1.3509037916666666,1.6497463144668476e-27,2.679352989325607e-23,Down
CA4,-3.1860773333333325,4.967879094487662e-27,4.034166218678706e-23,Down
GPM6A,-2.6937042222222227,2.1363325313456759e-26,8.674044160396281e-23,Down
SPOCK2,-1.8856525000000002,4.28929685327384e-26,1.3334748112842507e-22,Down
AGER,-3.9302668333333335,5.062463028255607e-26,1.3334748112842507e-22,Down
NCKAP5,-3.1051289999999994,5.747382352681334e-26,1.3334748112842507e-22,Down
RTKN2,-1.9467225,8.679185499606233e-26,1.7619831462388105e-22,Down
DENND3,-1.1402819166666665,6.406244378886449e-25,1.0404381495749483e-21,Down
GPIHBP1,-2.2897235,7.413098322998264e-25,1.0945102714892254e-21,Down
FAM107A,-3.0469695000000003,1.222844120092763e-24,1.418586525316183e-21,Down
